[{"@type":"mappingTemplate","id":"@1","name":"Mapping18","description":"","autoExpireObject":false,"bundleVersion":"0","assetFrsGuid":"77PDIffMc9PidpfwGq10WM","templateId":"@3","deployTime":1760520408000,"hasParameters":false,"valid":true,"fixedConnection":true,"hasParametersDeployed":false,"fixedConnectionDeployed":true,"isSchemaValidationEnabled":false,"tasks":1,"mappingPreviewFileRecordId":"@2","documentType":"MAPPING","allowMaxFieldLength":false,"specialCharacterSupport":false,"references":[{"@type":"reference","refObjectId":"@7WveSqd2ZGmiqngLGy37qv","refType":"connection"}]}]